<annotation>
    <folder>images</folder>
    <filename>videoplayback0499.jpg</filename>
	<path>/Users/hsiaoyuchiang/Documents/GitHub/w251_homework/hw8/MIDS_HW8/images/videoplayback0499.jpg</path>
	<source>
		<database>Unknown</database>
	</source>
    <size>
        <width>1000</width>
        <height>563</height>
		<depth>3</depth>
    </size>
    <segmented>0</segmented>
     <object>
        <name>TIE Fighters</name>
        <pose>Unspecified</pose>
        <truncated>0</truncated>
        <difficult>0</difficult>
        <bndbox>
            <xmin>111</xmin>
            <ymin>172</ymin>
            <xmax>139</xmax>
            <ymax>209</ymax>
        </bndbox>
    </object>
</annotation>
