<annotation>
    <folder>images</folder>
    <filename>videoplayback3228.jpg</filename>
	<path>/Users/hsiaoyuchiang/Documents/GitHub/w251_homework/hw8/MIDS_HW8/images/videoplayback3228.jpg</path>
	<source>
		<database>Unknown</database>
	</source>
    <size>
        <width>1000</width>
        <height>563</height>
        <depth>3</depth>
    </size>
    <segmented>0</segmented>
    <object>
        <name>Millennium Falcon</name>
        <pose>Unspecified</pose>
        <truncated>0</truncated>
        <difficult>0</difficult>
        <bndbox>
            <xmin>329</xmin>
            <ymin>279</ymin>
            <xmax>410</xmax>
            <ymax>301</ymax>
        </bndbox>
    </object>
    <object>
        <name>TIE Fighters</name>
        <pose>Unspecified</pose>
        <truncated>0</truncated>
        <difficult>0</difficult>
        <bndbox>
            <xmin>404</xmin>
            <ymin>295</ymin>
            <xmax>453</xmax>
            <ymax>327</ymax>
        </bndbox>
    </object>
    <object>
        <name>TIE Fighters</name>
        <pose>Unspecified</pose>
        <truncated>0</truncated>
        <difficult>0</difficult>
        <bndbox>
            <xmin>313</xmin>
            <ymin>294</ymin>
            <xmax>399</xmax>
            <ymax>384</ymax>
        </bndbox>
    </object>
</annotation>
