<annotation>
    <folder>images</folder>
    <filename>videoplayback3458.jpg</filename>
	<path>/Users/hsiaoyuchiang/Documents/GitHub/w251_homework/hw8/MIDS_HW8/images/videoplayback3458.jpg</path>
	<source>
		<database>Unknown</database>
	</source>
    <size>
        <width>1000</width>
        <height>563</height>
        <depth>3</depth>
    </size>
    <segmented>0</segmented>
    <object>
        <name>TIE Fighters</name>
        <pose>Unspecified</pose>
        <truncated>0</truncated>
        <difficult>0</difficult>
        <bndbox>
            <xmin>277</xmin>
            <ymin>185</ymin>
            <xmax>416</xmax>
            <ymax>327</ymax>
        </bndbox>
    </object>
    <object>
        <name>Millennium Falcon</name>
        <pose>Unspecified</pose>
        <truncated>0</truncated>
        <difficult>0</difficult>
        <bndbox>
            <xmin>339</xmin>
            <ymin>198</ymin>
            <xmax>503</xmax>
            <ymax>272</ymax>
        </bndbox>
    </object>
    <object>
        <name>TIE Fighters</name>
        <pose>Unspecified</pose>
        <truncated>1</truncated>
        <difficult>0</difficult>
        <bndbox>
            <xmin>706</xmin>
            <ymin>211</ymin>
            <xmax>1000</xmax>
            <ymax>494</ymax>
        </bndbox>
    </object>
</annotation>
