<annotation>
    <folder>images</folder>
    <filename>videoplayback2837.jpg</filename>
	<path>/Users/hsiaoyuchiang/Documents/GitHub/w251_homework/hw8/MIDS_HW8/images/videoplayback2837.jpg</path>
	<source>
		<database>Unknown</database>
	</source>
    <size>
        <width>1000</width>
        <height>563</height>
        <depth>3</depth>
    </size>
    <segmented>0</segmented>
    <object>
        <name>TIE Fighters</name>
        <pose>Unspecified</pose>
        <truncated>0</truncated>
        <difficult>0</difficult>
        <bndbox>
            <xmin>345</xmin>
            <ymin>155</ymin>
            <xmax>542</xmax>
            <ymax>334</ymax>
        </bndbox>
    </object>
    <object>
        <name>TIE Fighters</name>
        <pose>Unspecified</pose>
        <truncated>0</truncated>
        <difficult>0</difficult>
        <bndbox>
            <xmin>674</xmin>
            <ymin>209</ymin>
            <xmax>839</xmax>
            <ymax>373</ymax>
        </bndbox>
    </object>
</annotation>
