<annotation>
    <folder>images</folder>
    <filename>videoplayback5747.jpg</filename>
	<path>/Users/hsiaoyuchiang/Documents/GitHub/w251_homework/hw8/MIDS_HW8/images/videoplayback5747.jpg</path>
	<source>
		<database>Unknown</database>
	</source>
    <size>
        <width>1000</width>
        <height>563</height>
        <depth>3</depth>
    </size>
    <segmented>0</segmented>
    <object>
        <name>Millennium Falcon</name>
        <pose>Unspecified</pose>
        <truncated>0</truncated>
        <difficult>0</difficult>
        <bndbox>
            <xmin>621</xmin>
            <ymin>227</ymin>
            <xmax>753</xmax>
            <ymax>404</ymax>
        </bndbox>
    </object>
</annotation>
