<annotation>
    <folder>images</folder>
    <filename>videoplayback6506.jpg</filename>
    <path>/Users/hsiaoyuchiang/Documents/GitHub/w251_homework/hw8/MIDS_HW8/images/videoplayback6506.jpg</path>
    <source>
        <database>Unknown</database>
    </source>
    <size>
        <width>1000</width>
        <height>563</height>
        <depth>3</depth>
    </size>
    <segmented>0</segmented>
    <object>
        <name>Millennium Falcon</name>
        <pose>Unspecified</pose>
        <truncated>0</truncated>
        <difficult>0</difficult>
        <bndbox>
            <xmin>347</xmin>
            <ymin>139</ymin>
            <xmax>409</xmax>
            <ymax>204</ymax>
        </bndbox>
    </object>
</annotation>
