<annotation>
    <folder>images</folder>
    <filename>videoplayback0090.jpg</filename>
	<path>/Users/hsiaoyuchiang/Documents/GitHub/w251_homework/hw8/MIDS_HW8/images/videoplayback0090.jpg</path>
	<source>
		<database>Unknown</database>
	</source>
    <size>
        <width>1000</width>
        <height>563</height>
		<depth>3</depth>
    </size>
    <segmented>0</segmented>
    <object>
        <name>Tie Fighter</name>
   		<pose>Unspecified</pose>
 		<truncated>0</truncated>
		<difficult>0</difficult>
        <bndbox>
            <xmin>12</xmin>
            <ymin>198</ymin>
            <xmax>35</xmax>
            <ymax>222</ymax>
        </bndbox>
    </object>
    <object>
        <name>Tie Fighter</name>
   		<pose>Unspecified</pose>
 		<truncated>0</truncated>
		<difficult>0</difficult>
        <bndbox>
            <xmin>54</xmin>
            <ymin>255</ymin>
            <xmax>86</xmax>
            <ymax>272</ymax>
        </bndbox>
    </object>
    <object>
        <name>Tie Fighter</name>
        <pose>Unspecified</pose>
        <truncated>0</truncated>
        <difficult>0</difficult>
        <bndbox>
            <xmin>87</xmin>
            <ymin>280</ymin>
            <xmax>118</xmax>
            <ymax>296</ymax>
        </bndbox>
    </object>
    <object>
        <name>Tie Fighter</name>
        <pose>Unspecified</pose>
        <truncated>0</truncated>
        <difficult>0</difficult>
        <bndbox>
            <xmin>665</xmin>
            <ymin>190</ymin>
            <xmax>679</xmax>
            <ymax>199</ymax>
        </bndbox>
    </object>
</annotation>
