<annotation>
    <folder>images</folder>
    <filename>videoplayback0051.jpg</filename>
	<path>/Users/hsiaoyuchiang/Documents/GitHub/w251_homework/hw8/MIDS_HW8/images/videoplayback0051.jpg</path>
	<source>
		<database>Unknown</database>
	</source>
    <size>
        <width>1000</width>
        <height>563</height>
		<depth>3</depth>
    </size>
    <segmented>0</segmented>
    <object>
        <name>Tie Fighter</name>
   		<pose>Unspecified</pose>
 		<truncated>0</truncated>
		<difficult>0</difficult>
        <bndbox>
			<xmin>129</xmin>
			<ymin>143</ymin>
			<xmax>179</xmax>
			<ymax>183</ymax>
        </bndbox>
    </object>
    <object>
        <name>Tie Fighter</name>
   		<pose>Unspecified</pose>
 		<truncated>0</truncated>
		<difficult>0</difficult>
        <bndbox>
			<xmin>154</xmin>
			<ymin>163</ymin>
			<xmax>168</xmax>
			<ymax>175</ymax>
        </bndbox>
    </object>
</annotation>
