<annotation>
    <folder>images</folder>
    <filename>videoplayback0838.jpg</filename>
	<path>/Users/hsiaoyuchiang/Documents/GitHub/w251_homework/hw8/MIDS_HW8/images/videoplayback0838.jpg</path>
	<source>
		<database>Unknown</database>
	</source>
    <size>
        <width>1000</width>
        <height>563</height>
        <depth>3</depth>
    </size>
    <segmented>0</segmented>
    <object>
        <name>TIE Fighters</name>
        <pose>Unspecified</pose>
        <truncated>0</truncated>
        <difficult>0</difficult>
        <bndbox>
            <xmin>143</xmin>
            <ymin>100</ymin>
            <xmax>189</xmax>
            <ymax>140</ymax>
        </bndbox>
    </object>
    <object>
        <name>TIE Fighters</name>
        <pose>Unspecified</pose>
        <truncated>0</truncated>
        <difficult>0</difficult>
        <bndbox>
            <xmin>396</xmin>
            <ymin>163</ymin>
            <xmax>447</xmax>
            <ymax>191</ymax>
        </bndbox>
    </object>
    <object>
        <name>Millennium Falcon</name>
        <pose>Unspecified</pose>
        <truncated>0</truncated>
        <difficult>0</difficult>
        <bndbox>
            <xmin>270</xmin>
            <ymin>194</ymin>
            <xmax>734</xmax>
            <ymax>320</ymax>
        </bndbox>
    </object>
</annotation>
