<annotation>
    <folder>images</folder>
    <filename>videoplayback0523.jpg</filename>
	<path>/Users/hsiaoyuchiang/Documents/GitHub/w251_homework/hw8/MIDS_HW8/images/videoplayback0523.jpg</path>
	<source>
		<database>Unknown</database>
	</source>
    <size>
        <width>1000</width>
        <height>563</height>
        <depth>3</depth>
    </size>
    <segmented>0</segmented>
    <object>
        <name>TIE Fighters</name>
        <pose>Unspecified</pose>
        <truncated>0</truncated>
        <difficult>0</difficult>
        <bndbox>
            <xmin>60</xmin>
            <ymin>156</ymin>
            <xmax>125</xmax>
            <ymax>225</ymax>
        </bndbox>
    </object>
    <object>
        <name>TIE Fighters</name>
        <pose>Unspecified</pose>
        <truncated>0</truncated>
        <difficult>0</difficult>
        <bndbox>
            <xmin>224</xmin>
            <ymin>258</ymin>
            <xmax>250</xmax>
            <ymax>290</ymax>
        </bndbox>
    </object>
</annotation>
