<annotation>
    <folder>images</folder>
    <filename>videoplayback2789.jpg</filename>
	<path>/Users/hsiaoyuchiang/Documents/GitHub/w251_homework/hw8/MIDS_HW8/images/videoplayback2789.jpg</path>
	<source>
		<database>Unknown</database>
	</source>
    <size>
        <width>1000</width>
        <height>563</height>
        <depth>3</depth>
    </size>
    <segmented>0</segmented>
    <object>
        <name>TIE Fighters</name>
        <pose>Unspecified</pose>
        <truncated>0</truncated>
        <difficult>0</difficult>
        <bndbox>
            <xmin>97</xmin>
            <ymin>332</ymin>
            <xmax>181</xmax>
            <ymax>393</ymax>
        </bndbox>
    </object>
    <object>
        <name>TIE Fighters</name>
        <pose>Unspecified</pose>
        <truncated>0</truncated>
        <difficult>0</difficult>
        <bndbox>
            <xmin>470</xmin>
            <ymin>213</ymin>
            <xmax>541</xmax>
            <ymax>273</ymax>
        </bndbox>
    </object>
</annotation>
