<annotation>
    <folder>images</folder>
    <filename>videoplayback4037.jpg</filename>
	<path>/Users/hsiaoyuchiang/Documents/GitHub/w251_homework/hw8/MIDS_HW8/images/videoplayback4037.jpg</path>
	<source>
		<database>Unknown</database>
	</source>
    <size>
        <width>1000</width>
        <height>563</height>
        <depth>3</depth>
    </size>
    <segmented>0</segmented>
    <object>
        <name>TIE Fighters</name>
        <pose>Unspecified</pose>
        <truncated>0</truncated>
        <difficult>0</difficult>
        <bndbox>
            <xmin>736</xmin>
            <ymin>232</ymin>
            <xmax>894</xmax>
            <ymax>338</ymax>
        </bndbox>
    </object>
    <object>
        <name>TIE Fighters</name>
        <pose>Unspecified</pose>
        <truncated>1</truncated>
        <difficult>0</difficult>
        <bndbox>
            <xmin>895</xmin>
            <ymin>240</ymin>
            <xmax>1000</xmax>
            <ymax>375</ymax>
        </bndbox>
    </object>
</annotation>
