<annotation>
    <folder>images</folder>
    <filename>videoplayback0096.jpg</filename>
	<path>/Users/hsiaoyuchiang/Documents/GitHub/w251_homework/hw8/MIDS_HW8/images/videoplayback0096.jpg</path>
	<source>
		<database>Unknown</database>
	</source>
    <size>
        <width>1000</width>
        <height>563</height>
		<depth>3</depth>
    </size>
    <segmented>0</segmented>
    <object>
        <name>Tie Fighter</name>
   		<pose>Unspecified</pose>
 		<truncated>0</truncated>
		<difficult>0</difficult>
        <bndbox>
            <xmin>25</xmin>
            <ymin>241</ymin>
            <xmax>33</xmax>
            <ymax>256</ymax>
        </bndbox>
    </object>
    <object>
        <name>Tie Fighter</name>
   		<pose>Unspecified</pose>
 		<truncated>0</truncated>
		<difficult>0</difficult>
        <bndbox>
            <xmin>80</xmin>
            <ymin>255</ymin>
            <xmax>95</xmax>
            <ymax>269</ymax>
        </bndbox>
    </object>
    <object>
        <name>Tie Fighter</name>
        <pose>Unspecified</pose>
        <truncated>0</truncated>
        <difficult>0</difficult>
        <bndbox>
            <xmin>110</xmin>
            <ymin>277</ymin>
            <xmax>123</xmax>
            <ymax>294</ymax>
        </bndbox>
    </object>
    <object>
        <name>Tie Fighter</name>
        <pose>Unspecified</pose>
        <truncated>0</truncated>
        <difficult>0</difficult>
        <bndbox>
            <xmin>702</xmin>
            <ymin>231</ymin>
            <xmax>718</xmax>
            <ymax>241</ymax>
        </bndbox>
    </object>
</annotation>
