<annotation>
    <folder>images</folder>
    <filename>videoplayback0910.jpg</filename>
	<path>/Users/hsiaoyuchiang/Documents/GitHub/w251_homework/hw8/MIDS_HW8/images/videoplayback0910.jpg</path>
	<source>
		<database>Unknown</database>
	</source>
    <size>
        <width>1000</width>
        <height>563</height>
        <depth>3</depth>
    </size>
    <segmented>0</segmented>
    <object>
        <name>Millennium Falcon</name>
        <pose>Unspecified</pose>
        <truncated>0</truncated>
        <difficult>0</difficult>
        <bndbox>
            <xmin>264</xmin>
            <ymin>208</ymin>
            <xmax>718</xmax>
            <ymax>331</ymax>
        </bndbox>
    </object>
    <object>
        <name>TIE Fighters</name>
        <pose>Unspecified</pose>
        <truncated>0</truncated>
        <difficult>0</difficult>
        <bndbox>
            <xmin>768</xmin>
            <ymin>158</ymin>
            <xmax>796</xmax>
            <ymax>187</ymax>
        </bndbox>
    </object>
</annotation>
