<annotation>
    <folder>images</folder>
    <filename>videoplayback0057.jpg</filename>
	<path>/Users/hsiaoyuchiang/Documents/GitHub/w251_homework/hw8/MIDS_HW8/images/videoplayback0057.jpg</path>
	<source>
		<database>Unknown</database>
	</source>
    <size>
        <width>1000</width>
        <height>563</height>
		<depth>3</depth>
    </size>
    <segmented>0</segmented>
    <object>
        <name>Tie Fighter</name>
   		<pose>Unspecified</pose>
 		<truncated>0</truncated>
		<difficult>0</difficult>
        <bndbox>
            <xmin>133</xmin>
            <ymin>145</ymin>
            <xmax>153</xmax>
            <ymax>158</ymax>
        </bndbox>
    </object>
    <object>
        <name>Tie Fighter</name>
   		<pose>Unspecified</pose>
 		<truncated>0</truncated>
		<difficult>0</difficult>
        <bndbox>
            <xmin>163</xmin>
            <ymin>159</ymin>
            <xmax>180</xmax>
            <ymax>176</ymax>
        </bndbox>
    </object>
</annotation>
