<annotation>
    <folder>images</folder>
    <filename>videoplayback0790.jpg</filename>
    <path>/Users/hsiaoyuchiang/Documents/GitHub/w251_homework/hw8/MIDS_HW8/images/videoplayback0790.jpg</path>
    <source>
        <database>Unknown</database>
    </source>
    <size>
        <width>1000</width>
        <height>563</height>
        <depth>3</depth>
    </size>
    <segmented>0</segmented>
    <object>
        <name>TIE Fighters</name>
        <pose>Unspecified</pose>
        <truncated>0</truncated>
        <difficult>0</difficult>
        <bndbox>
            <xmin>18</xmin>
            <ymin>187</ymin>
            <xmax>47</xmax>
            <ymax>210</ymax>
        </bndbox>
    </object>
    <object>
        <name>Millennium Falcon</name>
        <pose>Unspecified</pose>
        <truncated>0</truncated>
        <difficult>0</difficult>
        <bndbox>
            <xmin>265</xmin>
            <ymin>216</ymin>
            <xmax>730</xmax>
            <ymax>342</ymax>
        </bndbox>
    </object>
</annotation>
